JOBNAME,OLD_TIMEZONE,NEW_TIMEZONE
mmbkp_w_sun_ev_emea_bed11bs11_mount,London,GMT
mmbkp_w_sun_ev_emea_bed11bs12_mount,London,GMT
mmbkp_w_sun_ev_emea_exe11bs13_mount,London,GMT
mmbkp_w_sun_ev_emea_exe11bs14_mount,London,GMT
mmbkp_w_sun_ev_emea_mountclones_box,London,GMT
mmemsg_w_ev_emea_box,London,GMT
mmbkp_w_ev_emea_bed_index4,London,GMT
mmbkp_w_ev_emea_bed_index5,London,GMT
mmbkp_w_ev_emea_bed_index6,London,GMT
mmbkp_w_ev_emea_exe_index3,London,GMT
mmbkp_w_ev_emea_exe_index4,London,GMT
mmbkp_w_ev_emea_exe_index3_refreshclone,London,GMT
mmbkp_w_ev_emea_exe_index4_refreshclone,London,GMT
mmbkp_w_ev_emea_bed_index4_refreshclone,London,GMT
mmbkp_w_ev_emea_bed_index5_refreshclone,London,GMT
mmbkp_w_ev_emea_bed_index6_refreshclone,London,GMT
mmemsg_w_ev_emea_exe_index3_resetarchive,London,GMT
mmemsg_w_ev_emea_exe_index4_resetarchive,London,GMT
mmemsg_w_ev_emea_bed_index4_resetarchive,London,GMT
mmemsg_w_ev_emea_bed_index5_resetarchive,London,GMT
mmemsg_w_ev_emea_bed_index6_resetarchive,London,GMT
mmbkp_w_ev_emea_bed_index7,London,GMT
mmbkp_w_ev_emea_exe_index5,London,GMT
mmbkp_w_ev_emea_exe_index5_refreshclone,London,GMT
mmbkp_w_ev_emea_bed_index7_refreshclone,London,GMT
mmemsg_w_ev_emea_exe_index5_resetarchive,London,GMT
mmemsg_w_ev_emea_bed_index7_resetarchive,London,GMT
mmbkp_w_ev_emea_backup_box,London,GMT
mmemsg_w_ev_emea_bed_start_index4a,London,GMT
mmemsg_w_ev_emea_bed_start_index4b,London,GMT
mmemsg_w_ev_emea_bed_start_index5a,London,GMT
mmemsg_w_ev_emea_bed_start_index5b,London,GMT
mmemsg_w_ev_emea_bed_start_index6a,London,GMT
mmemsg_w_ev_emea_bed_start_index6b,London,GMT
mmemsg_w_ev_emea_exe_start_index3a,London,GMT
mmemsg_w_ev_emea_exe_start_index3b,London,GMT
mmemsg_w_ev_emea_exe_start_index4a,London,GMT
mmemsg_w_ev_emea_exe_start_index4b,London,GMT
mmemsg_w_ev_emea_bed_start_index7a,London,GMT
mmemsg_w_ev_emea_bed_start_index7b,London,GMT
mmemsg_w_ev_emea_exe_start_index5a,London,GMT
mmemsg_w_ev_emea_exe_start_index5b,London,GMT
mmemsg_w_ev_emea_start_box,London,GMT
mmbkp_w_ev_emea_bed11bs11_mount,London,GMT
mmbkp_w_ev_emea_bed11bs12_mount,London,GMT
mmbkp_w_ev_emea_exe11bs13_mount,London,GMT
mmbkp_w_ev_emea_exe11bs14_mount,London,GMT
mmbkp_w_ev_emea_mountclones_box,London,GMT
mmbkp_w_ev_emea_exe_index3_buclone,London,GMT
mmbkp_w_ev_emea_exe_index4_buclone,London,GMT
mmbkp_w_ev_emea_bed_index4_buclone,London,GMT
mmbkp_w_ev_emea_bed_index5_buclone,London,GMT
mmbkp_w_ev_emea_bed_index6_buclone,London,GMT
mmbkp_w_ev_emea_exe_index5_buclone,London,GMT
mmbkp_w_ev_emea_bed_index7_buclone,London,GMT
mmbkp_w_ev_emea_buclones_box,London,GMT
mmbkp_w_ev_emea_bed11bs08_unmount,London,GMT
mmbkp_w_ev_emea_bed11bs09_unmount,London,GMT
mmbkp_w_ev_emea_exe11bs11_unmount,London,GMT
mmbkp_w_ev_emea_bed11bs11_unmount,London,GMT
mmbkp_w_ev_emea_bed11bs12_unmount,London,GMT
mmbkp_w_ev_emea_exe11bs13_unmount,London,GMT
mmbkp_w_ev_emea_exe11bs14_unmount,London,GMT
mmbkp_w_ev_emea_unmountclones_box,London,GMT
mmemsg_d_ev_emea_box,London,GMT
mmemsg_d_ev_emea_bed_stop_index4a,London,GMT
mmemsg_d_ev_emea_bed_stop_index4b,London,GMT
mmemsg_d_ev_emea_bed_stop_index5a,London,GMT
mmemsg_d_ev_emea_bed_stop_index5b,London,GMT
mmemsg_d_ev_emea_bed_stop_index6a,London,GMT
mmemsg_d_ev_emea_bed_stop_index6b,London,GMT
mmemsg_d_ev_emea_exe_stop_index3a,London,GMT
mmemsg_d_ev_emea_exe_stop_index3b,London,GMT
mmemsg_d_ev_emea_exe_stop_index4a,London,GMT
mmemsg_d_ev_emea_exe_stop_index4b,London,GMT
mmemsg_d_ev_emea_bed_stop_index7a,London,GMT
mmemsg_d_ev_emea_bed_stop_index7b,London,GMT
mmemsg_d_ev_emea_exe_stop_index5a,London,GMT
mmemsg_d_ev_emea_exe_stop_index5b,London,GMT
mmemsg_d_ev_emea_ro_box,London,GMT
mmbkp_d_ev_emea_bed_index4,London,GMT
mmbkp_d_ev_emea_bed_index5,London,GMT
mmbkp_d_ev_emea_bed_index6,London,GMT
mmbkp_d_ev_emea_exe_index3,London,GMT
mmbkp_d_ev_emea_exe_index4,London,GMT
mmbkp_d_ev_emea_exe_index3_refreshclone,London,GMT
mmbkp_d_ev_emea_exe_index4_refreshclone,London,GMT
mmbkp_d_ev_emea_bed_index4_refreshclone,London,GMT
mmbkp_d_ev_emea_bed_index5_refreshclone,London,GMT
mmbkp_d_ev_emea_bed_index6_refreshclone,London,GMT
mmbkp_d_ev_emea_bed_index7,London,GMT
mmbkp_d_ev_emea_exe_index5,London,GMT
mmbkp_d_ev_emea_exe_index5_refreshclone,London,GMT
mmbkp_d_ev_emea_bed_index7_refreshclone,London,GMT
mmbkp_d_ev_emea_backup_box,London,GMT
mmemsg_d_ev_emea_bed_start_index4a,London,GMT
mmemsg_d_ev_emea_bed_start_index4b,London,GMT
mmemsg_d_ev_emea_bed_start_index5a,London,GMT
mmemsg_d_ev_emea_bed_start_index5b,London,GMT
mmemsg_d_ev_emea_bed_start_index6a,London,GMT
mmemsg_d_ev_emea_bed_start_index6b,London,GMT
mmemsg_d_ev_emea_exe_start_index3a,London,GMT
mmemsg_d_ev_emea_exe_start_index3b,London,GMT
mmemsg_d_ev_emea_exe_start_index4a,London,GMT
mmemsg_d_ev_emea_exe_start_index4b,London,GMT
mmemsg_d_ev_emea_bed_start_index7a,London,GMT
mmemsg_d_ev_emea_bed_start_index7b,London,GMT
mmemsg_d_ev_emea_exe_start_index5a,London,GMT
mmemsg_d_ev_emea_exe_start_index5b,London,GMT
mmemsg_d_ev_emea_start_box,London,GMT
mmbkp_d_ev_emea_bed11bs11_mount,London,GMT
mmbkp_d_ev_emea_bed11bs12_mount,London,GMT
mmbkp_d_ev_emea_exe11bs13_mount,London,GMT
mmbkp_d_ev_emea_exe11bs14_mount,London,GMT
mmbkp_d_ev_emea_mountclones_box,London,GMT
mmbkp_d_ev_emea_exe_index3_buclone,London,GMT
mmbkp_d_ev_emea_exe_index4_buclone,London,GMT
mmbkp_d_ev_emea_bed_index4_buclone,London,GMT
mmbkp_d_ev_emea_bed_index5_buclone,London,GMT
mmbkp_d_ev_emea_bed_index6_buclone,London,GMT
mmbkp_d_ev_emea_exe_index5_buclone,London,GMT
mmbkp_d_ev_emea_bed_index7_buclone,London,GMT
mmbkp_d_ev_emea_buclones_box,London,GMT
mmbkp_d_ev_emea_bed11bs08_unmount,London,GMT
mmbkp_d_ev_emea_bed11bs09_unmount,London,GMT
mmbkp_d_ev_emea_exe11bs11_unmount,London,GMT
mmbkp_d_ev_emea_bed11bs11_unmount,London,GMT
mmbkp_d_ev_emea_bed11bs12_unmount,London,GMT
mmbkp_d_ev_emea_exe11bs13_unmount,London,GMT
mmbkp_d_ev_emea_exe11bs14_unmount,London,GMT
mmbkp_d_ev_emea_unmountclones_box,London,GMT
mmemsg_w_sun_ev_emea_bed_stop_index1ja,London,GMT
mmemsg_w_sun_ev_emea_bed_stop_index1jb,London,GMT
mmemsg_w_sun_ev_emea_bed_stop_index1ka,London,GMT
mmemsg_w_sun_ev_emea_bed_stop_index1kb,London,GMT
mmemsg_w_sun_ev_emea_bed_stop_index1la,London,GMT
mmemsg_w_sun_ev_emea_bed_stop_index1lb,London,GMT
mmemsg_w_sun_jrnev_emea_ro_box,London,GMT
mmemsg_w_ev_emea_bed_stop_index1ja,London,GMT
mmemsg_w_ev_emea_bed_stop_index1ka,London,GMT
mmemsg_w_ev_emea_bed_stop_index1kb,London,GMT
mmemsg_w_ev_emea_bed_stop_index1la,London,GMT
mmemsg_w_ev_emea_bed_stop_index1lb,London,GMT
mmemsg_w_ev_emea_bed_stop_index1jb,London,GMT
mmemsg_w_jrnev_emea_ro_box,London,GMT
mmbkp_w_sun_ev_emea_bed_index4,London,GMT
mmbkp_w_sun_ev_emea_bed_index5,London,GMT
mmbkp_w_sun_ev_emea_bed_index6,London,GMT
mmbkp_w_sun_ev_emea_exe_index3,London,GMT
mmbkp_w_sun_ev_emea_exe_index4,London,GMT
mmbkp_w_sun_ev_emea_exe_index3_refreshclone,London,GMT
mmbkp_w_sun_ev_emea_exe_index4_refreshclone,London,GMT
mmbkp_w_sun_ev_emea_bed_index4_refreshclone,London,GMT
mmbkp_w_sun_ev_emea_bed_index5_refreshclone,London,GMT
mmbkp_w_sun_ev_emea_bed_index6_refreshclone,London,GMT
mmbkp_w_sun_ev_emea_bed_index7,London,GMT
mmbkp_w_sun_ev_emea_exe_index5,London,GMT
mmbkp_w_sun_ev_emea_exe_index5_refreshclone,London,GMT
mmbkp_w_sun_ev_emea_bed_index7_refreshclone,London,GMT
mmbkp_w_sun_ev_emea_backup_box,London,GMT
mmemsg_w_sun_ev_emea_bed_start_index4a,London,GMT
mmemsg_w_sun_ev_emea_bed_start_index4b,London,GMT
mmemsg_w_sun_ev_emea_bed_start_index5a,London,GMT
mmemsg_w_sun_ev_emea_bed_start_index5b,London,GMT
mmemsg_w_sun_ev_emea_bed_start_index6a,London,GMT
mmemsg_w_sun_ev_emea_bed_start_index6b,London,GMT
mmemsg_w_sun_ev_emea_exe_start_index3a,London,GMT
mmemsg_w_sun_ev_emea_exe_start_index3b,London,GMT
mmemsg_w_sun_ev_emea_exe_start_index4a,London,GMT
mmemsg_w_sun_ev_emea_exe_start_index4b,London,GMT
mmemsg_w_sun_ev_emea_bed_start_index7a,London,GMT
mmemsg_w_sun_ev_emea_bed_start_index7b,London,GMT
mmemsg_w_sun_ev_emea_exe_start_index5a,London,GMT
mmemsg_w_sun_ev_emea_exe_start_index5b,London,GMT
mmemsg_w_sun_ev_emea_start_box,London,GMT
mmemsg_w_sun_jrnev_emea_box,London,GMT
mmbkp_w_sun_ev_emea_bed_index2j,London,GMT
mmbkp_w_sun_ev_emea_bed_index3j,London,GMT
mmbkp_w_sun_ev_emea_bed_index4j,London,GMT
mmebkp_w_sun_jrnev_emea_backup_box,London,GMT
mmmsg_w_sun_ev_emea_bed_start_index1ja,London,GMT
mmmsg_w_sun_ev_emea_bed_start_index1jb,London,GMT
mmmsg_w_sun_ev_emea_bed_start_index1ka,London,GMT
mmmsg_w_sun_ev_ema_bed_start_index1kb,London,GMT
mmmsg_w_sun_ev_emea_bed_start_index1la,London,GMT
mmmsg_w_sun_ev_emea_bed_start_index1lb,London,GMT
mmemsg_w_sun_jrnev_emea_start_box,London,GMT
mmemsg_d_ev_emea_bed_checkstart_index4a,London,GMT
mmemsg_d_ev_emea_bed_checkstart_index5a,London,GMT
mmemsg_d_ev_emea_bed_checkstart_index6a,London,GMT
mmemsg_d_ev_emea_bed_checkstart_index7a,London,GMT
mmemsg_d_ev_emea_exe_checkstart_index3a,London,GMT
mmemsg_d_ev_emea_exe_checkstart_index4a,London,GMT
mmemsg_d_ev_emea_exe_checkstart_index5a,London,GMT
mmemsg_d_ev_emea_checkstart_box,London,GMT
mmemsg_w_sun_ev_emea_bed_checkstart_index4a,London,GMT
mmemsg_w_sun_ev_emea_bed_checkstart_index5a,London,GMT
mmemsg_w_sun_ev_emea_bed_checkstart_index6a,London,GMT
mmemsg_w_sun_ev_emea_bed_checkstart_index7a,London,GMT
mmemsg_w_sun_ev_emea_exe_checkstart_index3a,London,GMT
mmemsg_w_sun_ev_emea_exe_checkstart_index4a,London,GMT
mmemsg_w_sun_ev_emea_exe_checkstart_index5a,London,GMT
mmemsg_w_sun_ev_emea_checkstart_box,London,GMT
mmmsg_d_ev_emea_bed_start_index1ja,London,GMT
mmmsg_d_ev_emea_bed_start_index1jb,London,GMT
mmmsg_d_ev_emea_bed_start_index1ka,London,GMT
mmmsg_d_ev_ema_bed_start_index1kb,London,GMT
mmmsg_d_ev_emea_bed_start_index1la,London,GMT
mmmsg_d_ev_emea_bed_start_index1lb,London,GMT
mmemsg_d_jrnev_emea_start_box,London,GMT
mmemsg_d_ev_emea_bed_stop_index1ja,London,GMT
mmemsg_d_ev_emea_bed_stop_index1ka,London,GMT
mmemsg_d_ev_emea_bed_stop_index1kb,London,GMT
mmemsg_d_ev_emea_bed_stop_index1la,London,GMT
mmemsg_d_ev_emea_bed_stop_index1lb,London,GMT
mmemsg_d_ev_emea_bed_stop_index1jb,London,GMT
mmemsg_d_jrnev_emea_ro_box,London,GMT
mmemsg_d_jrnev_emea_box,London,GMT
mmbkp_d_ev_emea_bed_index2j,London,GMT
mmbkp_d_ev_emea_bed_index3j,London,GMT
mmbkp_d_ev_emea_bed_index4j,London,GMT
mmebkp_d_jrnev_emea_backup_box,London,GMT
mmemsg_w_sun_ev_emea_box,London,GMT
mmemsg_w_sun_ev_emea_bed_stop_index4a,London,GMT
mmemsg_w_sun_ev_emea_bed_stop_index4b,London,GMT
mmemsg_w_sun_ev_emea_bed_stop_index5a,London,GMT
mmemsg_w_sun_ev_emea_bed_stop_index5b,London,GMT
mmemsg_w_sun_ev_emea_bed_stop_index6a,London,GMT
mmemsg_w_sun_ev_emea_bed_stop_index6b,London,GMT
mmemsg_w_sun_ev_emea_exe_stop_index3a,London,GMT
mmemsg_w_sun_ev_emea_exe_stop_index3b,London,GMT
mmemsg_w_sun_ev_emea_exe_stop_index4a,London,GMT
mmemsg_w_sun_ev_emea_exe_stop_index4b,London,GMT
mmemsg_w_sun_ev_emea_bed_stop_index7a,London,GMT
mmemsg_w_sun_ev_emea_bed_stop_index7b,London,GMT
mmemsg_w_sun_ev_emea_exe_stop_index5a,London,GMT
mmemsg_w_sun_ev_emea_exe_stop_index5b,London,GMT
mmemsg_w_sun_ev_emea_ro_box,London,GMT
mmbkp_w_sun_ev_emea_exe_index3_buclone,London,GMT
mmbkp_w_sun_ev_emea_exe_index4_buclone,London,GMT
mmbkp_w_sun_ev_emea_bed_index4_buclone,London,GMT
mmbkp_w_sun_ev_emea_bed_index5_buclone,London,GMT
mmbkp_w_sun_ev_emea_bed_index6_buclone,London,GMT
mmbkp_w_sun_ev_emea_exe_index5_buclone,London,GMT
mmbkp_w_sun_ev_emea_bed_index7_buclone,London,GMT
mmbkp_w_sun_ev_emea_buclones_box,London,GMT
mmbkp_w_sun_ev_emea_bed11bs11_unmount,London,GMT
mmbkp_w_sun_ev_emea_bed11bs12_unmount,London,GMT
mmbkp_w_sun_ev_emea_exe11bs13_unmount,London,GMT
mmbkp_w_sun_ev_emea_exe11bs14_unmount,London,GMT
mmbkp_w_sun_ev_emea_unmountclones_box,London,GMT
mmmsg_w_ev_emea_bed_start_index1ja,London,GMT
mmmsg_w_ev_emea_bed_start_index1jb,London,GMT
mmmsg_w_ev_emea_bed_start_index1ka,London,GMT
mmmsg_w_ev_ema_bed_start_index1kb,London,GMT
mmmsg_w_ev_emea_bed_start_index1la,London,GMT
mmmsg_w_ev_emea_bed_start_index1lb,London,GMT
mmemsg_w_jrnev_emea_start_box,London,GMT
mmbkp_w_ev_emea_bed_index2j,London,GMT
mmbkp_w_ev_emea_bed_index3j,London,GMT
mmbkp_w_ev_emea_bed_index4j,London,GMT
mmebkp_w_jrnev_emea_backup_box,London,GMT
mmemsg_w_jrnev_emea_box,London,GMT
mmemsg_w_ev_emea_bed_checkstart_index4a,London,GMT
mmemsg_w_ev_emea_bed_checkstart_index5a,London,GMT
mmemsg_w_ev_emea_bed_checkstart_index6a,London,GMT
mmemsg_w_ev_emea_bed_checkstart_index7a,London,GMT
mmemsg_w_ev_emea_exe_checkstart_index3a,London,GMT
mmemsg_w_ev_emea_exe_checkstart_index4a,London,GMT
mmemsg_w_ev_emea_exe_checkstart_index5a,London,GMT
mmemsg_w_ev_emea_checkstart_box,London,GMT
